inventory_id,product_id,warehouse_code,quantity_on_hand,quantity_reserved,low_stock_threshold,updated_at
1,1,US-EAST-01,46,6,50,2026-06-28 12:00:00+00
2,1,US-WEST-01,571,45,10,2026-06-28 12:00:00+00
3,2,US-EAST-01,220,14,20,2026-06-28 12:00:00+00
4,2,US-WEST-01,478,12,50,2026-06-28 12:00:00+00
5,3,US-EAST-01,620,67,20,2026-06-28 12:00:00+00
6,3,US-WEST-01,1073,38,10,2026-06-28 12:00:00+00
7,4,US-EAST-01,912,124,50,2026-06-28 12:00:00+00
8,4,US-WEST-01,729,87,10,2026-06-28 12:00:00+00
9,5,US-EAST-01,587,79,10,2026-06-28 12:00:00+00
10,5,US-WEST-01,1001,103,20,2026-06-28 12:00:00+00
11,6,US-EAST-01,700,74,10,2026-06-28 12:00:00+00
12,6,US-WEST-01,943,13,50,2026-06-28 12:00:00+00
13,7,US-EAST-01,445,60,20,2026-06-28 12:00:00+00
14,7,US-WEST-01,335,34,10,2026-06-28 12:00:00+00
15,8,US-EAST-01,973,54,10,2026-06-28 12:00:00+00
16,8,US-WEST-01,970,141,20,2026-06-28 12:00:00+00
17,9,US-EAST-01,53,1,20,2026-06-28 12:00:00+00
18,9,US-WEST-01,1198,168,10,2026-06-28 12:00:00+00
19,10,US-EAST-01,527,13,50,2026-06-28 12:00:00+00
20,10,US-WEST-01,380,56,50,2026-06-28 12:00:00+00
21,11,US-EAST-01,370,8,10,2026-06-28 12:00:00+00
22,11,US-WEST-01,855,8,50,2026-06-28 12:00:00+00
23,12,US-EAST-01,907,29,10,2026-06-28 12:00:00+00
24,12,US-WEST-01,47,5,10,2026-06-28 12:00:00+00
25,13,US-EAST-01,70,1,10,2026-06-28 12:00:00+00
26,13,US-WEST-01,619,11,50,2026-06-28 12:00:00+00
27,14,US-EAST-01,31,1,10,2026-06-28 12:00:00+00
28,14,US-WEST-01,971,28,10,2026-06-28 12:00:00+00
29,15,US-EAST-01,775,70,20,2026-06-28 12:00:00+00
30,15,US-WEST-01,258,23,10,2026-06-28 12:00:00+00
31,16,US-EAST-01,77,7,50,2026-06-28 12:00:00+00
32,16,US-WEST-01,505,71,10,2026-06-28 12:00:00+00
33,17,US-EAST-01,163,9,50,2026-06-28 12:00:00+00
34,17,US-WEST-01,1184,162,50,2026-06-28 12:00:00+00
35,18,US-EAST-01,22,1,20,2026-06-28 12:00:00+00
36,18,US-WEST-01,1123,59,20,2026-06-28 12:00:00+00
37,19,US-EAST-01,484,29,20,2026-06-28 12:00:00+00
38,19,US-WEST-01,94,3,10,2026-06-28 12:00:00+00
39,20,US-EAST-01,674,25,50,2026-06-28 12:00:00+00
40,20,US-WEST-01,523,44,20,2026-06-28 12:00:00+00
41,21,US-EAST-01,327,6,10,2026-06-28 12:00:00+00
42,21,US-WEST-01,786,101,50,2026-06-28 12:00:00+00
43,22,US-EAST-01,944,117,20,2026-06-28 12:00:00+00
44,22,US-WEST-01,1072,159,20,2026-06-28 12:00:00+00
45,23,US-EAST-01,748,64,20,2026-06-28 12:00:00+00
46,23,US-WEST-01,1159,64,20,2026-06-28 12:00:00+00
47,24,US-EAST-01,562,38,50,2026-06-28 12:00:00+00
48,24,US-WEST-01,780,96,20,2026-06-28 12:00:00+00
49,25,US-EAST-01,1191,107,50,2026-06-28 12:00:00+00
50,25,US-WEST-01,1006,68,10,2026-06-28 12:00:00+00
51,26,US-EAST-01,120,14,10,2026-06-28 12:00:00+00
52,26,US-WEST-01,618,65,50,2026-06-28 12:00:00+00
53,27,US-WEST-01,6,0,10,2026-06-28 12:00:00+00
54,28,US-EAST-01,518,26,20,2026-06-28 12:00:00+00
55,28,US-WEST-01,1128,50,50,2026-06-28 12:00:00+00
56,29,US-EAST-01,199,4,10,2026-06-28 12:00:00+00
57,29,US-WEST-01,219,19,10,2026-06-28 12:00:00+00
58,30,US-EAST-01,574,21,50,2026-06-28 12:00:00+00
59,30,US-WEST-01,928,92,20,2026-06-28 12:00:00+00
60,31,US-EAST-01,392,37,20,2026-06-28 12:00:00+00
61,31,US-WEST-01,471,51,10,2026-06-28 12:00:00+00
62,32,US-EAST-01,469,5,50,2026-06-28 12:00:00+00
63,32,US-WEST-01,15,0,10,2026-06-28 12:00:00+00
64,33,US-EAST-01,1164,103,10,2026-06-28 12:00:00+00
65,33,US-WEST-01,939,137,50,2026-06-28 12:00:00+00
66,34,US-EAST-01,248,25,20,2026-06-28 12:00:00+00
67,34,US-WEST-01,284,22,20,2026-06-28 12:00:00+00
68,35,US-EAST-01,32,4,20,2026-06-28 12:00:00+00
69,35,US-WEST-01,953,28,10,2026-06-28 12:00:00+00
70,36,US-EAST-01,477,14,10,2026-06-28 12:00:00+00
71,36,US-WEST-01,498,22,50,2026-06-28 12:00:00+00
72,37,US-EAST-01,349,22,20,2026-06-28 12:00:00+00
73,37,US-WEST-01,522,36,50,2026-06-28 12:00:00+00
74,38,US-EAST-01,340,43,10,2026-06-28 12:00:00+00
75,38,US-WEST-01,408,34,20,2026-06-28 12:00:00+00
76,39,US-EAST-01,322,12,20,2026-06-28 12:00:00+00
77,39,US-WEST-01,846,107,10,2026-06-28 12:00:00+00
78,40,US-EAST-01,607,87,50,2026-06-28 12:00:00+00
79,40,US-WEST-01,34,1,20,2026-06-28 12:00:00+00
80,41,US-EAST-01,110,9,50,2026-06-28 12:00:00+00
81,41,US-WEST-01,542,6,50,2026-06-28 12:00:00+00
82,42,US-EAST-01,639,14,10,2026-06-28 12:00:00+00
83,42,US-WEST-01,180,24,20,2026-06-28 12:00:00+00
84,43,US-EAST-01,700,20,50,2026-06-28 12:00:00+00
85,43,US-WEST-01,972,141,50,2026-06-28 12:00:00+00
86,44,US-EAST-01,608,59,50,2026-06-28 12:00:00+00
87,44,US-WEST-01,240,3,10,2026-06-28 12:00:00+00
88,45,US-EAST-01,135,17,50,2026-06-28 12:00:00+00
89,45,US-WEST-01,810,11,20,2026-06-28 12:00:00+00
90,46,US-EAST-01,865,71,20,2026-06-28 12:00:00+00
91,46,US-WEST-01,1100,126,50,2026-06-28 12:00:00+00
92,47,US-EAST-01,741,110,20,2026-06-28 12:00:00+00
93,47,US-WEST-01,164,13,10,2026-06-28 12:00:00+00
94,48,US-EAST-01,512,32,50,2026-06-28 12:00:00+00
95,48,US-WEST-01,1084,99,10,2026-06-28 12:00:00+00
96,49,US-EAST-01,1130,123,10,2026-06-28 12:00:00+00
97,49,US-WEST-01,1125,39,50,2026-06-28 12:00:00+00
98,50,US-EAST-01,110,4,50,2026-06-28 12:00:00+00
99,50,US-WEST-01,700,27,20,2026-06-28 12:00:00+00
100,51,US-EAST-01,158,14,20,2026-06-28 12:00:00+00
101,51,US-WEST-01,883,48,20,2026-06-28 12:00:00+00
102,52,US-EAST-01,455,22,50,2026-06-28 12:00:00+00
103,52,US-WEST-01,1159,94,10,2026-06-28 12:00:00+00
104,53,US-EAST-01,419,24,10,2026-06-28 12:00:00+00
105,53,US-WEST-01,663,49,50,2026-06-28 12:00:00+00
106,54,US-EAST-01,1083,58,50,2026-06-28 12:00:00+00
107,54,US-WEST-01,660,91,50,2026-06-28 12:00:00+00
108,55,US-EAST-01,497,62,10,2026-06-28 12:00:00+00
109,55,US-WEST-01,73,1,10,2026-06-28 12:00:00+00
110,56,US-EAST-01,516,67,20,2026-06-28 12:00:00+00
111,56,US-WEST-01,579,75,10,2026-06-28 12:00:00+00
112,57,US-EAST-01,1111,31,10,2026-06-28 12:00:00+00
113,57,US-WEST-01,240,3,20,2026-06-28 12:00:00+00
114,59,US-EAST-01,895,92,50,2026-06-28 12:00:00+00
115,59,US-WEST-01,463,32,10,2026-06-28 12:00:00+00
116,60,US-EAST-01,510,56,10,2026-06-28 12:00:00+00
117,60,US-WEST-01,1167,40,20,2026-06-28 12:00:00+00
118,61,US-EAST-01,169,19,50,2026-06-28 12:00:00+00
119,61,US-WEST-01,879,54,20,2026-06-28 12:00:00+00
120,62,US-EAST-01,1073,93,50,2026-06-28 12:00:00+00
121,62,US-WEST-01,16,0,10,2026-06-28 12:00:00+00
122,63,US-EAST-01,1158,129,10,2026-06-28 12:00:00+00
123,63,US-WEST-01,425,37,10,2026-06-28 12:00:00+00
124,64,US-EAST-01,376,54,20,2026-06-28 12:00:00+00
125,64,US-WEST-01,98,12,10,2026-06-28 12:00:00+00
126,65,US-EAST-01,937,83,50,2026-06-28 12:00:00+00
127,65,US-WEST-01,162,17,20,2026-06-28 12:00:00+00
128,66,US-EAST-01,6,0,20,2026-06-28 12:00:00+00
129,67,US-EAST-01,490,12,50,2026-06-28 12:00:00+00
130,67,US-WEST-01,163,8,20,2026-06-28 12:00:00+00
131,68,US-EAST-01,982,71,10,2026-06-28 12:00:00+00
132,68,US-WEST-01,1087,14,10,2026-06-28 12:00:00+00
133,69,US-EAST-01,599,36,50,2026-06-28 12:00:00+00
134,69,US-WEST-01,530,62,10,2026-06-28 12:00:00+00
135,70,US-EAST-01,1048,22,20,2026-06-28 12:00:00+00
136,70,US-WEST-01,903,116,10,2026-06-28 12:00:00+00
137,71,US-EAST-01,5,0,20,2026-06-28 12:00:00+00
138,72,US-EAST-01,373,31,50,2026-06-28 12:00:00+00
139,72,US-WEST-01,766,11,20,2026-06-28 12:00:00+00
140,73,US-WEST-01,10,0,10,2026-06-28 12:00:00+00
141,74,US-EAST-01,558,83,10,2026-06-28 12:00:00+00
142,74,US-WEST-01,54,4,50,2026-06-28 12:00:00+00
143,75,US-EAST-01,1081,41,50,2026-06-28 12:00:00+00
144,75,US-WEST-01,119,14,50,2026-06-28 12:00:00+00
145,76,US-EAST-01,807,47,10,2026-06-28 12:00:00+00
146,76,US-WEST-01,557,43,20,2026-06-28 12:00:00+00
147,77,US-EAST-01,836,59,50,2026-06-28 12:00:00+00
148,77,US-WEST-01,179,3,20,2026-06-28 12:00:00+00
149,78,US-EAST-01,1032,22,20,2026-06-28 12:00:00+00
150,78,US-WEST-01,164,12,10,2026-06-28 12:00:00+00
151,79,US-EAST-01,878,13,10,2026-06-28 12:00:00+00
152,79,US-WEST-01,377,21,50,2026-06-28 12:00:00+00
153,80,US-EAST-01,530,71,50,2026-06-28 12:00:00+00
154,80,US-WEST-01,138,6,10,2026-06-28 12:00:00+00
155,81,US-EAST-01,373,5,10,2026-06-28 12:00:00+00
156,81,US-WEST-01,647,15,50,2026-06-28 12:00:00+00
157,82,US-EAST-01,784,112,10,2026-06-28 12:00:00+00
158,82,US-WEST-01,567,28,10,2026-06-28 12:00:00+00
159,83,US-EAST-01,966,97,50,2026-06-28 12:00:00+00
160,83,US-WEST-01,148,14,10,2026-06-28 12:00:00+00
161,84,US-EAST-01,391,53,20,2026-06-28 12:00:00+00
162,84,US-WEST-01,38,3,50,2026-06-28 12:00:00+00
163,85,US-EAST-01,413,17,20,2026-06-28 12:00:00+00
164,85,US-WEST-01,322,3,20,2026-06-28 12:00:00+00
165,86,US-EAST-01,68,1,10,2026-06-28 12:00:00+00
166,86,US-WEST-01,62,8,10,2026-06-28 12:00:00+00
167,87,US-EAST-01,285,3,50,2026-06-28 12:00:00+00
168,87,US-WEST-01,1116,144,50,2026-06-28 12:00:00+00
169,88,US-EAST-01,462,63,20,2026-06-28 12:00:00+00
170,88,US-WEST-01,327,35,50,2026-06-28 12:00:00+00
171,89,US-EAST-01,227,10,20,2026-06-28 12:00:00+00
172,89,US-WEST-01,156,5,10,2026-06-28 12:00:00+00
173,90,US-EAST-01,182,3,10,2026-06-28 12:00:00+00
174,90,US-WEST-01,249,16,50,2026-06-28 12:00:00+00
175,91,US-EAST-01,516,65,20,2026-06-28 12:00:00+00
176,91,US-WEST-01,588,18,50,2026-06-28 12:00:00+00
177,92,US-EAST-01,1200,52,10,2026-06-28 12:00:00+00
178,92,US-WEST-01,1005,16,20,2026-06-28 12:00:00+00
179,93,US-EAST-01,764,17,20,2026-06-28 12:00:00+00
180,93,US-WEST-01,242,22,50,2026-06-28 12:00:00+00
181,94,US-EAST-01,157,7,20,2026-06-28 12:00:00+00
182,94,US-WEST-01,856,82,50,2026-06-28 12:00:00+00
183,95,US-EAST-01,767,105,20,2026-06-28 12:00:00+00
184,95,US-WEST-01,41,5,20,2026-06-28 12:00:00+00
185,96,US-EAST-01,306,21,50,2026-06-28 12:00:00+00
186,96,US-WEST-01,359,11,50,2026-06-28 12:00:00+00
187,97,US-EAST-01,44,0,20,2026-06-28 12:00:00+00
188,97,US-WEST-01,285,6,10,2026-06-28 12:00:00+00
189,98,US-EAST-01,389,22,50,2026-06-28 12:00:00+00
190,98,US-WEST-01,775,36,50,2026-06-28 12:00:00+00
191,99,US-EAST-01,1198,75,50,2026-06-28 12:00:00+00
192,99,US-WEST-01,254,12,10,2026-06-28 12:00:00+00
193,100,US-EAST-01,571,47,10,2026-06-28 12:00:00+00
194,100,US-WEST-01,745,81,10,2026-06-28 12:00:00+00
195,101,US-EAST-01,24,0,10,2026-06-28 12:00:00+00
196,101,US-WEST-01,1016,69,10,2026-06-28 12:00:00+00
197,102,US-EAST-01,572,57,20,2026-06-28 12:00:00+00
198,102,US-WEST-01,762,96,20,2026-06-28 12:00:00+00
199,103,US-EAST-01,1189,66,50,2026-06-28 12:00:00+00
200,103,US-WEST-01,1093,86,50,2026-06-28 12:00:00+00
201,104,US-EAST-01,978,27,20,2026-06-28 12:00:00+00
202,104,US-WEST-01,317,13,10,2026-06-28 12:00:00+00
203,105,US-EAST-01,950,98,10,2026-06-28 12:00:00+00
204,105,US-WEST-01,366,15,10,2026-06-28 12:00:00+00
205,107,US-EAST-01,419,49,50,2026-06-28 12:00:00+00
206,107,US-WEST-01,740,17,10,2026-06-28 12:00:00+00
207,108,US-EAST-01,1035,85,50,2026-06-28 12:00:00+00
208,108,US-WEST-01,820,116,50,2026-06-28 12:00:00+00
209,109,US-EAST-01,237,26,10,2026-06-28 12:00:00+00
210,109,US-WEST-01,60,4,50,2026-06-28 12:00:00+00
211,110,US-EAST-01,876,72,20,2026-06-28 12:00:00+00
212,110,US-WEST-01,289,11,50,2026-06-28 12:00:00+00
213,111,US-EAST-01,63,3,50,2026-06-28 12:00:00+00
214,111,US-WEST-01,393,29,50,2026-06-28 12:00:00+00
215,112,US-EAST-01,1000,29,10,2026-06-28 12:00:00+00
216,112,US-WEST-01,1044,41,20,2026-06-28 12:00:00+00
217,113,US-EAST-01,949,103,50,2026-06-28 12:00:00+00
218,113,US-WEST-01,956,25,50,2026-06-28 12:00:00+00
219,114,US-EAST-01,763,65,20,2026-06-28 12:00:00+00
220,114,US-WEST-01,991,69,10,2026-06-28 12:00:00+00
221,115,US-EAST-01,689,76,50,2026-06-28 12:00:00+00
222,115,US-WEST-01,382,49,10,2026-06-28 12:00:00+00
223,116,US-EAST-01,875,42,50,2026-06-28 12:00:00+00
224,116,US-WEST-01,589,12,50,2026-06-28 12:00:00+00
225,117,US-EAST-01,546,28,50,2026-06-28 12:00:00+00
226,117,US-WEST-01,918,33,50,2026-06-28 12:00:00+00
227,118,US-EAST-01,1085,100,10,2026-06-28 12:00:00+00
228,118,US-WEST-01,262,13,10,2026-06-28 12:00:00+00
229,119,US-EAST-01,260,29,20,2026-06-28 12:00:00+00
230,119,US-WEST-01,140,3,20,2026-06-28 12:00:00+00
231,120,US-EAST-01,213,5,50,2026-06-28 12:00:00+00
232,120,US-WEST-01,621,38,20,2026-06-28 12:00:00+00
233,121,US-EAST-01,177,23,20,2026-06-28 12:00:00+00
234,121,US-WEST-01,115,1,20,2026-06-28 12:00:00+00
235,122,US-EAST-01,446,39,10,2026-06-28 12:00:00+00
236,122,US-WEST-01,964,22,10,2026-06-28 12:00:00+00
237,123,US-EAST-01,66,0,10,2026-06-28 12:00:00+00
238,123,US-WEST-01,329,30,50,2026-06-28 12:00:00+00
239,124,US-EAST-01,888,113,50,2026-06-28 12:00:00+00
240,124,US-WEST-01,1070,16,50,2026-06-28 12:00:00+00
241,125,US-EAST-01,968,118,20,2026-06-28 12:00:00+00
242,125,US-WEST-01,1170,52,10,2026-06-28 12:00:00+00
243,126,US-EAST-01,958,139,50,2026-06-28 12:00:00+00
244,126,US-WEST-01,512,39,20,2026-06-28 12:00:00+00
245,127,US-EAST-01,709,104,20,2026-06-28 12:00:00+00
246,127,US-WEST-01,321,44,10,2026-06-28 12:00:00+00
247,128,US-EAST-01,529,18,20,2026-06-28 12:00:00+00
248,128,US-WEST-01,355,39,20,2026-06-28 12:00:00+00
249,129,US-EAST-01,1186,120,20,2026-06-28 12:00:00+00
250,129,US-WEST-01,484,71,20,2026-06-28 12:00:00+00
251,130,US-EAST-01,715,24,20,2026-06-28 12:00:00+00
252,130,US-WEST-01,926,72,20,2026-06-28 12:00:00+00
253,131,US-EAST-01,439,54,10,2026-06-28 12:00:00+00
254,131,US-WEST-01,303,10,20,2026-06-28 12:00:00+00
255,132,US-EAST-01,1195,143,20,2026-06-28 12:00:00+00
256,132,US-WEST-01,237,22,50,2026-06-28 12:00:00+00
257,133,US-EAST-01,341,39,10,2026-06-28 12:00:00+00
258,133,US-WEST-01,1122,19,50,2026-06-28 12:00:00+00
259,134,US-EAST-01,342,24,50,2026-06-28 12:00:00+00
260,134,US-WEST-01,431,20,50,2026-06-28 12:00:00+00
261,135,US-EAST-01,592,53,10,2026-06-28 12:00:00+00
262,135,US-WEST-01,1150,151,50,2026-06-28 12:00:00+00
263,136,US-EAST-01,321,9,20,2026-06-28 12:00:00+00
264,136,US-WEST-01,361,5,10,2026-06-28 12:00:00+00
265,137,US-EAST-01,820,86,20,2026-06-28 12:00:00+00
266,137,US-WEST-01,996,55,10,2026-06-28 12:00:00+00
267,138,US-EAST-01,134,14,20,2026-06-28 12:00:00+00
268,138,US-WEST-01,804,8,50,2026-06-28 12:00:00+00
269,139,US-EAST-01,699,38,10,2026-06-28 12:00:00+00
270,139,US-WEST-01,262,37,50,2026-06-28 12:00:00+00
271,140,US-EAST-01,309,26,10,2026-06-28 12:00:00+00
272,140,US-WEST-01,258,32,10,2026-06-28 12:00:00+00
273,141,US-EAST-01,758,66,20,2026-06-28 12:00:00+00
274,141,US-WEST-01,1115,55,50,2026-06-28 12:00:00+00
275,142,US-EAST-01,335,18,20,2026-06-28 12:00:00+00
276,142,US-WEST-01,1143,127,20,2026-06-28 12:00:00+00
277,143,US-EAST-01,307,35,10,2026-06-28 12:00:00+00
278,143,US-WEST-01,852,73,10,2026-06-28 12:00:00+00
279,144,US-EAST-01,807,115,50,2026-06-28 12:00:00+00
280,144,US-WEST-01,899,60,10,2026-06-28 12:00:00+00
281,145,US-EAST-01,226,3,10,2026-06-28 12:00:00+00
282,145,US-WEST-01,681,33,10,2026-06-28 12:00:00+00
283,146,US-EAST-01,978,120,20,2026-06-28 12:00:00+00
284,146,US-WEST-01,63,1,20,2026-06-28 12:00:00+00
285,147,US-EAST-01,1018,37,50,2026-06-28 12:00:00+00
286,147,US-WEST-01,759,14,50,2026-06-28 12:00:00+00
287,148,US-EAST-01,1068,108,20,2026-06-28 12:00:00+00
288,148,US-WEST-01,748,50,20,2026-06-28 12:00:00+00
289,149,US-EAST-01,427,41,10,2026-06-28 12:00:00+00
290,149,US-WEST-01,1067,33,50,2026-06-28 12:00:00+00
291,150,US-EAST-01,482,40,10,2026-06-28 12:00:00+00
292,150,US-WEST-01,436,36,20,2026-06-28 12:00:00+00
293,151,US-EAST-01,1054,119,10,2026-06-28 12:00:00+00
294,151,US-WEST-01,240,26,10,2026-06-28 12:00:00+00
295,152,US-EAST-01,1035,53,50,2026-06-28 12:00:00+00
296,152,US-WEST-01,308,43,20,2026-06-28 12:00:00+00
297,153,US-EAST-01,478,37,50,2026-06-28 12:00:00+00
298,153,US-WEST-01,335,31,50,2026-06-28 12:00:00+00
299,154,US-EAST-01,595,8,20,2026-06-28 12:00:00+00
300,154,US-WEST-01,145,17,50,2026-06-28 12:00:00+00
301,155,US-EAST-01,366,31,50,2026-06-28 12:00:00+00
302,155,US-WEST-01,1042,112,50,2026-06-28 12:00:00+00
303,156,US-EAST-01,48,0,20,2026-06-28 12:00:00+00
304,156,US-WEST-01,302,28,20,2026-06-28 12:00:00+00
305,157,US-EAST-01,1167,75,10,2026-06-28 12:00:00+00
306,157,US-WEST-01,846,104,50,2026-06-28 12:00:00+00
307,158,US-EAST-01,1184,53,50,2026-06-28 12:00:00+00
308,158,US-WEST-01,118,5,20,2026-06-28 12:00:00+00
309,159,US-EAST-01,88,6,20,2026-06-28 12:00:00+00
310,159,US-WEST-01,179,6,50,2026-06-28 12:00:00+00
311,160,US-EAST-01,71,8,20,2026-06-28 12:00:00+00
312,160,US-WEST-01,411,49,20,2026-06-28 12:00:00+00
313,161,US-EAST-01,1071,10,50,2026-06-28 12:00:00+00
314,161,US-WEST-01,344,41,10,2026-06-28 12:00:00+00
315,162,US-EAST-01,184,9,20,2026-06-28 12:00:00+00
316,162,US-WEST-01,488,10,50,2026-06-28 12:00:00+00
317,163,US-EAST-01,133,18,10,2026-06-28 12:00:00+00
318,163,US-WEST-01,566,76,50,2026-06-28 12:00:00+00
319,164,US-EAST-01,291,29,20,2026-06-28 12:00:00+00
320,164,US-WEST-01,663,46,50,2026-06-28 12:00:00+00
321,165,US-EAST-01,811,110,50,2026-06-28 12:00:00+00
322,165,US-WEST-01,34,1,20,2026-06-28 12:00:00+00
323,166,US-EAST-01,1131,94,20,2026-06-28 12:00:00+00
324,166,US-WEST-01,76,5,10,2026-06-28 12:00:00+00
325,167,US-EAST-01,136,3,10,2026-06-28 12:00:00+00
326,167,US-WEST-01,869,47,20,2026-06-28 12:00:00+00
327,168,US-EAST-01,1163,50,20,2026-06-28 12:00:00+00
328,168,US-WEST-01,472,12,50,2026-06-28 12:00:00+00
329,169,US-EAST-01,77,5,10,2026-06-28 12:00:00+00
330,169,US-WEST-01,694,85,10,2026-06-28 12:00:00+00
331,170,US-EAST-01,385,23,10,2026-06-28 12:00:00+00
332,170,US-WEST-01,1068,76,50,2026-06-28 12:00:00+00
333,171,US-EAST-01,249,2,10,2026-06-28 12:00:00+00
334,171,US-WEST-01,1006,29,20,2026-06-28 12:00:00+00
335,172,US-EAST-01,158,18,10,2026-06-28 12:00:00+00
336,172,US-WEST-01,331,11,50,2026-06-28 12:00:00+00
337,173,US-EAST-01,503,12,50,2026-06-28 12:00:00+00
338,173,US-WEST-01,925,28,10,2026-06-28 12:00:00+00
339,174,US-EAST-01,186,26,50,2026-06-28 12:00:00+00
340,174,US-WEST-01,420,44,20,2026-06-28 12:00:00+00
341,175,US-EAST-01,618,14,10,2026-06-28 12:00:00+00
342,175,US-WEST-01,866,109,10,2026-06-28 12:00:00+00
343,176,US-EAST-01,358,30,20,2026-06-28 12:00:00+00
344,176,US-WEST-01,803,113,50,2026-06-28 12:00:00+00
345,177,US-EAST-01,1173,44,10,2026-06-28 12:00:00+00
346,177,US-WEST-01,17,1,50,2026-06-28 12:00:00+00
347,178,US-EAST-01,1074,56,10,2026-06-28 12:00:00+00
348,178,US-WEST-01,681,79,50,2026-06-28 12:00:00+00
349,179,US-EAST-01,931,83,10,2026-06-28 12:00:00+00
350,179,US-WEST-01,1013,117,20,2026-06-28 12:00:00+00
351,180,US-EAST-01,725,26,10,2026-06-28 12:00:00+00
352,180,US-WEST-01,626,31,50,2026-06-28 12:00:00+00
353,181,US-WEST-01,2,0,50,2026-06-28 12:00:00+00
354,182,US-EAST-01,923,114,20,2026-06-28 12:00:00+00
355,182,US-WEST-01,381,18,50,2026-06-28 12:00:00+00
356,183,US-EAST-01,948,127,20,2026-06-28 12:00:00+00
357,183,US-WEST-01,1037,127,50,2026-06-28 12:00:00+00
358,184,US-EAST-01,937,23,50,2026-06-28 12:00:00+00
359,184,US-WEST-01,250,13,20,2026-06-28 12:00:00+00
360,186,US-EAST-01,734,78,50,2026-06-28 12:00:00+00
361,186,US-WEST-01,220,6,10,2026-06-28 12:00:00+00
362,187,US-EAST-01,500,40,50,2026-06-28 12:00:00+00
363,187,US-WEST-01,281,33,10,2026-06-28 12:00:00+00
364,188,US-EAST-01,1127,74,10,2026-06-28 12:00:00+00
365,188,US-WEST-01,688,100,50,2026-06-28 12:00:00+00
366,189,US-EAST-01,628,91,50,2026-06-28 12:00:00+00
367,189,US-WEST-01,1067,135,10,2026-06-28 12:00:00+00
368,190,US-EAST-01,889,21,50,2026-06-28 12:00:00+00
369,190,US-WEST-01,908,108,10,2026-06-28 12:00:00+00
370,191,US-EAST-01,1046,105,20,2026-06-28 12:00:00+00
371,191,US-WEST-01,297,4,20,2026-06-28 12:00:00+00
372,192,US-EAST-01,914,17,50,2026-06-28 12:00:00+00
373,192,US-WEST-01,874,54,20,2026-06-28 12:00:00+00
374,193,US-EAST-01,530,43,20,2026-06-28 12:00:00+00
375,193,US-WEST-01,649,32,10,2026-06-28 12:00:00+00
376,194,US-EAST-01,850,52,10,2026-06-28 12:00:00+00
377,194,US-WEST-01,294,29,50,2026-06-28 12:00:00+00
378,195,US-EAST-01,149,17,50,2026-06-28 12:00:00+00
379,195,US-WEST-01,1200,85,50,2026-06-28 12:00:00+00
380,196,US-EAST-01,570,74,10,2026-06-28 12:00:00+00
381,196,US-WEST-01,917,39,50,2026-06-28 12:00:00+00
382,197,US-EAST-01,875,32,50,2026-06-28 12:00:00+00
383,197,US-WEST-01,164,17,50,2026-06-28 12:00:00+00
384,198,US-EAST-01,260,5,20,2026-06-28 12:00:00+00
385,198,US-WEST-01,703,15,20,2026-06-28 12:00:00+00
386,199,US-EAST-01,1184,59,20,2026-06-28 12:00:00+00
387,199,US-WEST-01,552,51,20,2026-06-28 12:00:00+00
388,200,US-EAST-01,988,113,20,2026-06-28 12:00:00+00
389,200,US-WEST-01,864,15,50,2026-06-28 12:00:00+00
390,201,US-EAST-01,349,49,10,2026-06-28 12:00:00+00
391,201,US-WEST-01,154,13,20,2026-06-28 12:00:00+00
392,202,US-EAST-01,170,17,20,2026-06-28 12:00:00+00
393,202,US-WEST-01,1173,34,20,2026-06-28 12:00:00+00
394,203,US-EAST-01,747,13,20,2026-06-28 12:00:00+00
395,203,US-WEST-01,1061,65,10,2026-06-28 12:00:00+00
396,204,US-EAST-01,190,9,10,2026-06-28 12:00:00+00
397,204,US-WEST-01,420,23,10,2026-06-28 12:00:00+00
398,205,US-EAST-01,971,68,20,2026-06-28 12:00:00+00
399,205,US-WEST-01,61,4,10,2026-06-28 12:00:00+00
400,206,US-EAST-01,608,14,20,2026-06-28 12:00:00+00
401,206,US-WEST-01,516,66,20,2026-06-28 12:00:00+00
402,207,US-EAST-01,1065,78,20,2026-06-28 12:00:00+00
403,207,US-WEST-01,869,120,20,2026-06-28 12:00:00+00
404,208,US-EAST-01,742,50,20,2026-06-28 12:00:00+00
405,208,US-WEST-01,1139,11,50,2026-06-28 12:00:00+00
406,209,US-EAST-01,529,16,50,2026-06-28 12:00:00+00
407,209,US-WEST-01,330,30,20,2026-06-28 12:00:00+00
408,210,US-EAST-01,289,4,10,2026-06-28 12:00:00+00
409,210,US-WEST-01,1043,19,50,2026-06-28 12:00:00+00
410,211,US-EAST-01,61,6,50,2026-06-28 12:00:00+00
411,211,US-WEST-01,40,5,10,2026-06-28 12:00:00+00
412,212,US-EAST-01,716,61,20,2026-06-28 12:00:00+00
413,212,US-WEST-01,1044,118,20,2026-06-28 12:00:00+00
414,213,US-EAST-01,590,53,10,2026-06-28 12:00:00+00
415,213,US-WEST-01,850,44,20,2026-06-28 12:00:00+00
416,214,US-EAST-01,314,39,10,2026-06-28 12:00:00+00
417,214,US-WEST-01,706,80,50,2026-06-28 12:00:00+00
418,215,US-EAST-01,87,4,20,2026-06-28 12:00:00+00
419,215,US-WEST-01,237,3,20,2026-06-28 12:00:00+00
420,216,US-EAST-01,222,3,20,2026-06-28 12:00:00+00
421,216,US-WEST-01,255,27,20,2026-06-28 12:00:00+00
422,217,US-EAST-01,95,7,20,2026-06-28 12:00:00+00
423,217,US-WEST-01,71,2,50,2026-06-28 12:00:00+00
424,218,US-EAST-01,440,50,20,2026-06-28 12:00:00+00
425,218,US-WEST-01,954,53,20,2026-06-28 12:00:00+00
426,219,US-EAST-01,427,8,10,2026-06-28 12:00:00+00
427,219,US-WEST-01,412,5,20,2026-06-28 12:00:00+00
428,220,US-EAST-01,660,91,10,2026-06-28 12:00:00+00
429,220,US-WEST-01,346,43,50,2026-06-28 12:00:00+00
430,221,US-EAST-01,908,97,20,2026-06-28 12:00:00+00
431,221,US-WEST-01,603,44,20,2026-06-28 12:00:00+00
432,222,US-EAST-01,1155,17,50,2026-06-28 12:00:00+00
433,222,US-WEST-01,659,57,10,2026-06-28 12:00:00+00
434,223,US-EAST-01,980,135,50,2026-06-28 12:00:00+00
435,223,US-WEST-01,369,35,10,2026-06-28 12:00:00+00
436,224,US-EAST-01,1147,120,50,2026-06-28 12:00:00+00
437,224,US-WEST-01,1105,115,50,2026-06-28 12:00:00+00
438,225,US-EAST-01,399,24,20,2026-06-28 12:00:00+00
439,225,US-WEST-01,212,19,20,2026-06-28 12:00:00+00
440,226,US-EAST-01,39,1,20,2026-06-28 12:00:00+00
441,226,US-WEST-01,264,9,50,2026-06-28 12:00:00+00
442,227,US-EAST-01,856,27,50,2026-06-28 12:00:00+00
443,227,US-WEST-01,324,12,50,2026-06-28 12:00:00+00
444,228,US-EAST-01,1009,121,20,2026-06-28 12:00:00+00
445,228,US-WEST-01,1195,26,20,2026-06-28 12:00:00+00
446,229,US-EAST-01,1027,28,20,2026-06-28 12:00:00+00
447,229,US-WEST-01,1200,78,50,2026-06-28 12:00:00+00
448,230,US-EAST-01,790,10,10,2026-06-28 12:00:00+00
449,230,US-WEST-01,155,19,20,2026-06-28 12:00:00+00
450,231,US-EAST-01,989,73,10,2026-06-28 12:00:00+00
451,231,US-WEST-01,920,101,20,2026-06-28 12:00:00+00
452,232,US-EAST-01,324,45,50,2026-06-28 12:00:00+00
453,232,US-WEST-01,754,75,20,2026-06-28 12:00:00+00
454,233,US-EAST-01,371,45,50,2026-06-28 12:00:00+00
455,233,US-WEST-01,299,6,10,2026-06-28 12:00:00+00
456,234,US-EAST-01,902,31,50,2026-06-28 12:00:00+00
457,234,US-WEST-01,121,11,20,2026-06-28 12:00:00+00
458,235,US-EAST-01,1153,110,50,2026-06-28 12:00:00+00
459,235,US-WEST-01,804,105,50,2026-06-28 12:00:00+00
460,236,US-EAST-01,189,17,50,2026-06-28 12:00:00+00
461,236,US-WEST-01,635,69,50,2026-06-28 12:00:00+00
462,237,US-EAST-01,859,9,20,2026-06-28 12:00:00+00
463,237,US-WEST-01,667,13,20,2026-06-28 12:00:00+00
464,238,US-EAST-01,532,77,20,2026-06-28 12:00:00+00
465,238,US-WEST-01,692,102,50,2026-06-28 12:00:00+00
466,239,US-EAST-01,1184,108,50,2026-06-28 12:00:00+00
467,239,US-WEST-01,738,101,10,2026-06-28 12:00:00+00
468,240,US-EAST-01,42,3,50,2026-06-28 12:00:00+00
469,240,US-WEST-01,238,7,50,2026-06-28 12:00:00+00
470,241,US-EAST-01,105,9,50,2026-06-28 12:00:00+00
471,241,US-WEST-01,747,17,50,2026-06-28 12:00:00+00
472,242,US-EAST-01,318,34,50,2026-06-28 12:00:00+00
473,242,US-WEST-01,972,96,20,2026-06-28 12:00:00+00
474,243,US-EAST-01,779,9,50,2026-06-28 12:00:00+00
475,243,US-WEST-01,590,11,20,2026-06-28 12:00:00+00
476,244,US-EAST-01,488,61,50,2026-06-28 12:00:00+00
477,244,US-WEST-01,144,5,50,2026-06-28 12:00:00+00
478,245,US-EAST-01,206,3,50,2026-06-28 12:00:00+00
479,245,US-WEST-01,682,62,20,2026-06-28 12:00:00+00
480,246,US-EAST-01,38,3,50,2026-06-28 12:00:00+00
481,246,US-WEST-01,850,95,50,2026-06-28 12:00:00+00
482,247,US-EAST-01,477,13,10,2026-06-28 12:00:00+00
483,247,US-WEST-01,1120,78,50,2026-06-28 12:00:00+00
484,248,US-EAST-01,143,5,50,2026-06-28 12:00:00+00
485,248,US-WEST-01,1171,95,50,2026-06-28 12:00:00+00
486,249,US-EAST-01,323,22,10,2026-06-28 12:00:00+00
487,249,US-WEST-01,327,40,10,2026-06-28 12:00:00+00
488,250,US-EAST-01,888,100,50,2026-06-28 12:00:00+00
489,250,US-WEST-01,264,16,50,2026-06-28 12:00:00+00
490,251,US-EAST-01,728,50,10,2026-06-28 12:00:00+00
491,251,US-WEST-01,316,32,50,2026-06-28 12:00:00+00
492,252,US-EAST-01,283,29,10,2026-06-28 12:00:00+00
493,252,US-WEST-01,585,36,50,2026-06-28 12:00:00+00
494,253,US-EAST-01,622,85,10,2026-06-28 12:00:00+00
495,253,US-WEST-01,1183,144,20,2026-06-28 12:00:00+00
496,254,US-EAST-01,517,8,10,2026-06-28 12:00:00+00
497,254,US-WEST-01,1095,88,10,2026-06-28 12:00:00+00
498,255,US-EAST-01,708,62,10,2026-06-28 12:00:00+00
499,255,US-WEST-01,603,42,20,2026-06-28 12:00:00+00
500,256,US-EAST-01,801,66,10,2026-06-28 12:00:00+00
501,256,US-WEST-01,573,56,50,2026-06-28 12:00:00+00
502,257,US-EAST-01,964,97,20,2026-06-28 12:00:00+00
503,257,US-WEST-01,661,17,10,2026-06-28 12:00:00+00
504,258,US-EAST-01,1060,107,20,2026-06-28 12:00:00+00
505,258,US-WEST-01,1072,64,10,2026-06-28 12:00:00+00
506,259,US-EAST-01,368,36,20,2026-06-28 12:00:00+00
507,259,US-WEST-01,262,16,50,2026-06-28 12:00:00+00
508,260,US-EAST-01,608,10,20,2026-06-28 12:00:00+00
509,260,US-WEST-01,390,33,10,2026-06-28 12:00:00+00
510,261,US-EAST-01,491,51,20,2026-06-28 12:00:00+00
511,261,US-WEST-01,471,62,10,2026-06-28 12:00:00+00
512,262,US-EAST-01,600,78,50,2026-06-28 12:00:00+00
513,262,US-WEST-01,657,44,50,2026-06-28 12:00:00+00
514,263,US-EAST-01,311,28,20,2026-06-28 12:00:00+00
515,263,US-WEST-01,386,13,10,2026-06-28 12:00:00+00
516,264,US-EAST-01,941,129,20,2026-06-28 12:00:00+00
517,264,US-WEST-01,183,24,10,2026-06-28 12:00:00+00
518,265,US-EAST-01,899,32,50,2026-06-28 12:00:00+00
519,265,US-WEST-01,954,89,20,2026-06-28 12:00:00+00
520,266,US-EAST-01,61,3,10,2026-06-28 12:00:00+00
521,266,US-WEST-01,349,49,20,2026-06-28 12:00:00+00
522,267,US-EAST-01,975,83,10,2026-06-28 12:00:00+00
523,267,US-WEST-01,888,102,20,2026-06-28 12:00:00+00
524,268,US-EAST-01,679,65,50,2026-06-28 12:00:00+00
525,268,US-WEST-01,564,19,10,2026-06-28 12:00:00+00
526,269,US-EAST-01,34,3,20,2026-06-28 12:00:00+00
527,269,US-WEST-01,86,9,50,2026-06-28 12:00:00+00
528,270,US-EAST-01,153,22,50,2026-06-28 12:00:00+00
529,270,US-WEST-01,127,5,50,2026-06-28 12:00:00+00
530,271,US-EAST-01,238,16,20,2026-06-28 12:00:00+00
531,271,US-WEST-01,1061,14,50,2026-06-28 12:00:00+00
532,272,US-EAST-01,521,23,50,2026-06-28 12:00:00+00
533,272,US-WEST-01,377,34,50,2026-06-28 12:00:00+00
534,273,US-EAST-01,119,6,20,2026-06-28 12:00:00+00
535,273,US-WEST-01,56,2,20,2026-06-28 12:00:00+00
536,274,US-EAST-01,267,30,20,2026-06-28 12:00:00+00
537,274,US-WEST-01,768,94,50,2026-06-28 12:00:00+00
538,275,US-EAST-01,1118,87,50,2026-06-28 12:00:00+00
539,275,US-WEST-01,22,3,20,2026-06-28 12:00:00+00
540,276,US-EAST-01,238,30,50,2026-06-28 12:00:00+00
541,276,US-WEST-01,866,121,10,2026-06-28 12:00:00+00
542,278,US-EAST-01,510,16,20,2026-06-28 12:00:00+00
543,278,US-WEST-01,888,67,50,2026-06-28 12:00:00+00
544,279,US-EAST-01,137,9,50,2026-06-28 12:00:00+00
545,279,US-WEST-01,343,18,20,2026-06-28 12:00:00+00
546,280,US-EAST-01,1188,110,20,2026-06-28 12:00:00+00
547,280,US-WEST-01,1073,57,20,2026-06-28 12:00:00+00
548,281,US-EAST-01,541,64,10,2026-06-28 12:00:00+00
549,281,US-WEST-01,340,50,10,2026-06-28 12:00:00+00
550,282,US-EAST-01,929,46,10,2026-06-28 12:00:00+00
551,282,US-WEST-01,704,39,10,2026-06-28 12:00:00+00
552,283,US-EAST-01,1008,25,20,2026-06-28 12:00:00+00
553,283,US-WEST-01,847,63,10,2026-06-28 12:00:00+00
554,284,US-EAST-01,1076,21,10,2026-06-28 12:00:00+00
555,284,US-WEST-01,134,20,20,2026-06-28 12:00:00+00
556,285,US-EAST-01,122,12,10,2026-06-28 12:00:00+00
557,285,US-WEST-01,941,78,10,2026-06-28 12:00:00+00
558,286,US-EAST-01,520,26,10,2026-06-28 12:00:00+00
559,286,US-WEST-01,682,14,50,2026-06-28 12:00:00+00
560,287,US-EAST-01,845,52,20,2026-06-28 12:00:00+00
561,287,US-WEST-01,840,28,10,2026-06-28 12:00:00+00
562,288,US-EAST-01,944,25,50,2026-06-28 12:00:00+00
563,288,US-WEST-01,875,76,50,2026-06-28 12:00:00+00
564,289,US-EAST-01,273,9,50,2026-06-28 12:00:00+00
565,289,US-WEST-01,410,54,20,2026-06-28 12:00:00+00
566,290,US-EAST-01,1095,123,10,2026-06-28 12:00:00+00
567,290,US-WEST-01,273,3,20,2026-06-28 12:00:00+00
568,291,US-EAST-01,1150,60,50,2026-06-28 12:00:00+00
569,291,US-WEST-01,282,14,10,2026-06-28 12:00:00+00
570,292,US-EAST-01,1191,74,20,2026-06-28 12:00:00+00
571,292,US-WEST-01,771,92,50,2026-06-28 12:00:00+00
572,293,US-EAST-01,607,45,50,2026-06-28 12:00:00+00
573,293,US-WEST-01,908,15,20,2026-06-28 12:00:00+00
574,294,US-EAST-01,236,20,10,2026-06-28 12:00:00+00
575,294,US-WEST-01,524,49,20,2026-06-28 12:00:00+00
576,295,US-WEST-01,5,0,50,2026-06-28 12:00:00+00
577,296,US-EAST-01,335,21,10,2026-06-28 12:00:00+00
578,296,US-WEST-01,553,9,20,2026-06-28 12:00:00+00
579,297,US-EAST-01,816,51,50,2026-06-28 12:00:00+00
580,297,US-WEST-01,981,134,10,2026-06-28 12:00:00+00
581,298,US-EAST-01,1154,130,50,2026-06-28 12:00:00+00
582,298,US-WEST-01,512,29,10,2026-06-28 12:00:00+00
583,299,US-EAST-01,663,82,50,2026-06-28 12:00:00+00
584,299,US-WEST-01,242,2,20,2026-06-28 12:00:00+00
585,300,US-EAST-01,968,86,50,2026-06-28 12:00:00+00
586,300,US-WEST-01,467,59,50,2026-06-28 12:00:00+00
587,301,US-EAST-01,53,5,10,2026-06-28 12:00:00+00
588,301,US-WEST-01,819,58,10,2026-06-28 12:00:00+00
589,302,US-EAST-01,60,8,20,2026-06-28 12:00:00+00
590,302,US-WEST-01,73,8,10,2026-06-28 12:00:00+00
591,303,US-EAST-01,1072,37,20,2026-06-28 12:00:00+00
592,303,US-WEST-01,224,15,20,2026-06-28 12:00:00+00
593,304,US-EAST-01,22,0,50,2026-06-28 12:00:00+00
594,304,US-WEST-01,324,34,50,2026-06-28 12:00:00+00
595,305,US-EAST-01,1076,112,50,2026-06-28 12:00:00+00
596,305,US-WEST-01,437,19,50,2026-06-28 12:00:00+00
597,306,US-EAST-01,638,49,10,2026-06-28 12:00:00+00
598,306,US-WEST-01,872,47,10,2026-06-28 12:00:00+00
599,307,US-EAST-01,359,13,20,2026-06-28 12:00:00+00
600,307,US-WEST-01,997,88,10,2026-06-28 12:00:00+00
601,308,US-EAST-01,916,121,50,2026-06-28 12:00:00+00
602,308,US-WEST-01,18,2,50,2026-06-28 12:00:00+00
603,309,US-EAST-01,186,19,20,2026-06-28 12:00:00+00
604,309,US-WEST-01,528,65,20,2026-06-28 12:00:00+00
605,310,US-EAST-01,121,10,50,2026-06-28 12:00:00+00
606,310,US-WEST-01,479,7,20,2026-06-28 12:00:00+00
607,311,US-EAST-01,596,7,20,2026-06-28 12:00:00+00
608,311,US-WEST-01,402,28,20,2026-06-28 12:00:00+00
609,312,US-EAST-01,1167,109,10,2026-06-28 12:00:00+00
610,312,US-WEST-01,167,18,50,2026-06-28 12:00:00+00
611,313,US-EAST-01,534,41,50,2026-06-28 12:00:00+00
612,313,US-WEST-01,1094,71,50,2026-06-28 12:00:00+00
613,314,US-EAST-01,1037,59,50,2026-06-28 12:00:00+00
614,314,US-WEST-01,861,69,20,2026-06-28 12:00:00+00
615,315,US-EAST-01,425,36,10,2026-06-28 12:00:00+00
616,315,US-WEST-01,540,80,10,2026-06-28 12:00:00+00
617,316,US-EAST-01,584,42,20,2026-06-28 12:00:00+00
618,316,US-WEST-01,674,63,20,2026-06-28 12:00:00+00
619,317,US-EAST-01,760,12,20,2026-06-28 12:00:00+00
620,317,US-WEST-01,983,105,20,2026-06-28 12:00:00+00
621,318,US-EAST-01,654,53,10,2026-06-28 12:00:00+00
622,318,US-WEST-01,613,7,20,2026-06-28 12:00:00+00
623,319,US-EAST-01,95,2,10,2026-06-28 12:00:00+00
624,319,US-WEST-01,468,39,20,2026-06-28 12:00:00+00
625,320,US-EAST-01,130,16,50,2026-06-28 12:00:00+00
626,320,US-WEST-01,1136,167,20,2026-06-28 12:00:00+00
627,321,US-EAST-01,672,47,10,2026-06-28 12:00:00+00
628,321,US-WEST-01,812,57,10,2026-06-28 12:00:00+00
629,322,US-EAST-01,727,8,20,2026-06-28 12:00:00+00
630,322,US-WEST-01,502,20,20,2026-06-28 12:00:00+00
631,323,US-EAST-01,535,22,50,2026-06-28 12:00:00+00
632,323,US-WEST-01,1086,44,20,2026-06-28 12:00:00+00
633,324,US-EAST-01,604,80,50,2026-06-28 12:00:00+00
634,324,US-WEST-01,652,62,50,2026-06-28 12:00:00+00
635,325,US-EAST-01,462,25,50,2026-06-28 12:00:00+00
636,325,US-WEST-01,373,55,10,2026-06-28 12:00:00+00
637,326,US-EAST-01,840,108,20,2026-06-28 12:00:00+00
638,326,US-WEST-01,243,29,20,2026-06-28 12:00:00+00
639,327,US-EAST-01,443,14,20,2026-06-28 12:00:00+00
640,327,US-WEST-01,40,4,50,2026-06-28 12:00:00+00
641,328,US-EAST-01,15,2,10,2026-06-28 12:00:00+00
642,329,US-EAST-01,974,105,10,2026-06-28 12:00:00+00
643,329,US-WEST-01,397,50,10,2026-06-28 12:00:00+00
644,330,US-EAST-01,258,23,20,2026-06-28 12:00:00+00
645,330,US-WEST-01,494,37,50,2026-06-28 12:00:00+00
646,331,US-EAST-01,879,96,10,2026-06-28 12:00:00+00
647,331,US-WEST-01,970,129,10,2026-06-28 12:00:00+00
648,332,US-EAST-01,254,34,10,2026-06-28 12:00:00+00
649,332,US-WEST-01,76,2,20,2026-06-28 12:00:00+00
650,333,US-EAST-01,321,46,50,2026-06-28 12:00:00+00
651,333,US-WEST-01,211,27,20,2026-06-28 12:00:00+00
652,334,US-EAST-01,932,43,50,2026-06-28 12:00:00+00
653,334,US-WEST-01,1061,47,10,2026-06-28 12:00:00+00
654,335,US-EAST-01,761,102,20,2026-06-28 12:00:00+00
655,335,US-WEST-01,481,57,50,2026-06-28 12:00:00+00
656,336,US-EAST-01,1149,67,20,2026-06-28 12:00:00+00
657,336,US-WEST-01,387,46,10,2026-06-28 12:00:00+00
658,337,US-EAST-01,442,6,10,2026-06-28 12:00:00+00
659,337,US-WEST-01,680,28,10,2026-06-28 12:00:00+00
660,338,US-EAST-01,124,3,50,2026-06-28 12:00:00+00
661,338,US-WEST-01,677,99,10,2026-06-28 12:00:00+00
662,339,US-EAST-01,857,9,10,2026-06-28 12:00:00+00
663,339,US-WEST-01,423,50,10,2026-06-28 12:00:00+00
664,340,US-EAST-01,706,63,20,2026-06-28 12:00:00+00
665,340,US-WEST-01,483,8,10,2026-06-28 12:00:00+00
666,341,US-EAST-01,541,78,50,2026-06-28 12:00:00+00
667,341,US-WEST-01,858,107,50,2026-06-28 12:00:00+00
668,342,US-EAST-01,463,27,20,2026-06-28 12:00:00+00
669,342,US-WEST-01,160,21,10,2026-06-28 12:00:00+00
670,343,US-EAST-01,366,16,50,2026-06-28 12:00:00+00
671,343,US-WEST-01,744,23,10,2026-06-28 12:00:00+00
672,344,US-EAST-01,162,19,20,2026-06-28 12:00:00+00
673,344,US-WEST-01,878,64,20,2026-06-28 12:00:00+00
674,345,US-EAST-01,335,6,20,2026-06-28 12:00:00+00
675,345,US-WEST-01,35,1,20,2026-06-28 12:00:00+00
676,346,US-EAST-01,532,77,20,2026-06-28 12:00:00+00
677,346,US-WEST-01,249,3,50,2026-06-28 12:00:00+00
678,347,US-EAST-01,651,30,10,2026-06-28 12:00:00+00
679,347,US-WEST-01,543,75,50,2026-06-28 12:00:00+00
680,348,US-EAST-01,319,9,10,2026-06-28 12:00:00+00
681,348,US-WEST-01,845,118,20,2026-06-28 12:00:00+00
682,349,US-EAST-01,596,48,50,2026-06-28 12:00:00+00
683,349,US-WEST-01,980,134,10,2026-06-28 12:00:00+00
684,350,US-EAST-01,279,10,10,2026-06-28 12:00:00+00
685,350,US-WEST-01,807,104,20,2026-06-28 12:00:00+00
686,351,US-EAST-01,44,4,50,2026-06-28 12:00:00+00
687,351,US-WEST-01,856,124,20,2026-06-28 12:00:00+00
688,352,US-EAST-01,119,1,10,2026-06-28 12:00:00+00
689,352,US-WEST-01,794,12,20,2026-06-28 12:00:00+00
690,353,US-EAST-01,15,1,20,2026-06-28 12:00:00+00
691,354,US-EAST-01,232,14,50,2026-06-28 12:00:00+00
692,354,US-WEST-01,992,73,50,2026-06-28 12:00:00+00
693,355,US-EAST-01,574,54,10,2026-06-28 12:00:00+00
694,355,US-WEST-01,1103,73,20,2026-06-28 12:00:00+00
695,356,US-EAST-01,1179,21,50,2026-06-28 12:00:00+00
696,356,US-WEST-01,700,92,20,2026-06-28 12:00:00+00
697,357,US-EAST-01,279,26,50,2026-06-28 12:00:00+00
698,357,US-WEST-01,477,32,50,2026-06-28 12:00:00+00
699,358,US-EAST-01,1189,82,10,2026-06-28 12:00:00+00
700,358,US-WEST-01,877,60,20,2026-06-28 12:00:00+00
701,359,US-EAST-01,857,90,10,2026-06-28 12:00:00+00
702,359,US-WEST-01,633,12,20,2026-06-28 12:00:00+00
703,360,US-EAST-01,882,38,50,2026-06-28 12:00:00+00
704,360,US-WEST-01,845,104,20,2026-06-28 12:00:00+00
705,361,US-EAST-01,500,25,20,2026-06-28 12:00:00+00
706,361,US-WEST-01,59,6,50,2026-06-28 12:00:00+00
707,362,US-EAST-01,1015,36,50,2026-06-28 12:00:00+00
708,362,US-WEST-01,955,44,10,2026-06-28 12:00:00+00
709,363,US-EAST-01,652,9,20,2026-06-28 12:00:00+00
710,363,US-WEST-01,116,13,50,2026-06-28 12:00:00+00
711,364,US-EAST-01,686,59,10,2026-06-28 12:00:00+00
712,364,US-WEST-01,345,12,10,2026-06-28 12:00:00+00
713,365,US-EAST-01,206,7,10,2026-06-28 12:00:00+00
714,365,US-WEST-01,1140,156,20,2026-06-28 12:00:00+00
715,366,US-EAST-01,103,5,20,2026-06-28 12:00:00+00
716,366,US-WEST-01,427,59,10,2026-06-28 12:00:00+00
717,367,US-EAST-01,405,56,10,2026-06-28 12:00:00+00
718,367,US-WEST-01,235,19,50,2026-06-28 12:00:00+00
719,368,US-EAST-01,795,100,20,2026-06-28 12:00:00+00
720,368,US-WEST-01,996,28,50,2026-06-28 12:00:00+00
721,369,US-EAST-01,294,41,10,2026-06-28 12:00:00+00
722,369,US-WEST-01,611,74,50,2026-06-28 12:00:00+00
723,370,US-EAST-01,1057,136,50,2026-06-28 12:00:00+00
724,370,US-WEST-01,1152,44,20,2026-06-28 12:00:00+00
725,371,US-EAST-01,253,33,50,2026-06-28 12:00:00+00
726,371,US-WEST-01,919,27,10,2026-06-28 12:00:00+00
727,372,US-EAST-01,250,10,50,2026-06-28 12:00:00+00
728,372,US-WEST-01,1135,140,10,2026-06-28 12:00:00+00
729,373,US-EAST-01,665,31,50,2026-06-28 12:00:00+00
730,373,US-WEST-01,934,15,50,2026-06-28 12:00:00+00
731,374,US-EAST-01,1074,144,50,2026-06-28 12:00:00+00
732,374,US-WEST-01,1127,161,10,2026-06-28 12:00:00+00
733,375,US-EAST-01,230,5,50,2026-06-28 12:00:00+00
734,375,US-WEST-01,1189,30,50,2026-06-28 12:00:00+00
735,376,US-EAST-01,390,51,20,2026-06-28 12:00:00+00
736,376,US-WEST-01,862,54,10,2026-06-28 12:00:00+00
737,377,US-EAST-01,855,21,50,2026-06-28 12:00:00+00
738,377,US-WEST-01,450,24,20,2026-06-28 12:00:00+00
739,378,US-EAST-01,656,43,50,2026-06-28 12:00:00+00
740,378,US-WEST-01,96,7,50,2026-06-28 12:00:00+00
741,379,US-EAST-01,21,0,20,2026-06-28 12:00:00+00
742,379,US-WEST-01,68,6,20,2026-06-28 12:00:00+00
743,381,US-EAST-01,1030,32,20,2026-06-28 12:00:00+00
744,381,US-WEST-01,984,98,20,2026-06-28 12:00:00+00
745,382,US-EAST-01,1083,133,10,2026-06-28 12:00:00+00
746,382,US-WEST-01,519,9,20,2026-06-28 12:00:00+00
747,383,US-EAST-01,55,6,10,2026-06-28 12:00:00+00
748,383,US-WEST-01,675,85,50,2026-06-28 12:00:00+00
749,384,US-EAST-01,486,63,20,2026-06-28 12:00:00+00
750,384,US-WEST-01,827,28,10,2026-06-28 12:00:00+00
751,385,US-EAST-01,413,35,10,2026-06-28 12:00:00+00
752,385,US-WEST-01,1156,62,10,2026-06-28 12:00:00+00
753,386,US-EAST-01,791,59,50,2026-06-28 12:00:00+00
754,386,US-WEST-01,423,15,10,2026-06-28 12:00:00+00
755,387,US-EAST-01,143,17,50,2026-06-28 12:00:00+00
756,387,US-WEST-01,515,14,50,2026-06-28 12:00:00+00
757,388,US-EAST-01,555,50,10,2026-06-28 12:00:00+00
758,388,US-WEST-01,791,84,50,2026-06-28 12:00:00+00
759,389,US-EAST-01,727,66,10,2026-06-28 12:00:00+00
760,389,US-WEST-01,614,88,10,2026-06-28 12:00:00+00
761,390,US-EAST-01,1109,42,10,2026-06-28 12:00:00+00
762,390,US-WEST-01,567,22,20,2026-06-28 12:00:00+00
763,391,US-EAST-01,1014,49,50,2026-06-28 12:00:00+00
764,391,US-WEST-01,875,14,50,2026-06-28 12:00:00+00
765,392,US-EAST-01,808,54,10,2026-06-28 12:00:00+00
766,392,US-WEST-01,1166,147,20,2026-06-28 12:00:00+00
767,393,US-EAST-01,603,44,50,2026-06-28 12:00:00+00
768,393,US-WEST-01,855,117,10,2026-06-28 12:00:00+00
769,394,US-EAST-01,1112,36,50,2026-06-28 12:00:00+00
770,394,US-WEST-01,912,22,50,2026-06-28 12:00:00+00
771,395,US-EAST-01,652,8,50,2026-06-28 12:00:00+00
772,395,US-WEST-01,264,4,10,2026-06-28 12:00:00+00
773,396,US-EAST-01,688,101,10,2026-06-28 12:00:00+00
774,396,US-WEST-01,517,25,10,2026-06-28 12:00:00+00
775,397,US-EAST-01,705,57,10,2026-06-28 12:00:00+00
776,397,US-WEST-01,438,13,10,2026-06-28 12:00:00+00
777,398,US-EAST-01,776,86,20,2026-06-28 12:00:00+00
778,398,US-WEST-01,714,25,10,2026-06-28 12:00:00+00
779,399,US-EAST-01,142,17,50,2026-06-28 12:00:00+00
780,399,US-WEST-01,1065,108,50,2026-06-28 12:00:00+00
781,400,US-EAST-01,364,37,10,2026-06-28 12:00:00+00
782,400,US-WEST-01,155,21,20,2026-06-28 12:00:00+00
783,401,US-EAST-01,893,70,20,2026-06-28 12:00:00+00
784,401,US-WEST-01,1041,43,10,2026-06-28 12:00:00+00
785,402,US-EAST-01,300,37,20,2026-06-28 12:00:00+00
786,402,US-WEST-01,926,28,10,2026-06-28 12:00:00+00
787,403,US-EAST-01,832,29,50,2026-06-28 12:00:00+00
788,403,US-WEST-01,299,7,50,2026-06-28 12:00:00+00
789,404,US-EAST-01,686,28,50,2026-06-28 12:00:00+00
790,404,US-WEST-01,102,11,50,2026-06-28 12:00:00+00
791,405,US-EAST-01,360,3,10,2026-06-28 12:00:00+00
792,405,US-WEST-01,447,36,10,2026-06-28 12:00:00+00
793,406,US-EAST-01,644,51,50,2026-06-28 12:00:00+00
794,406,US-WEST-01,1110,104,20,2026-06-28 12:00:00+00
795,407,US-EAST-01,267,10,50,2026-06-28 12:00:00+00
796,407,US-WEST-01,844,125,10,2026-06-28 12:00:00+00
797,408,US-EAST-01,945,71,20,2026-06-28 12:00:00+00
798,408,US-WEST-01,77,1,10,2026-06-28 12:00:00+00
799,409,US-EAST-01,188,17,20,2026-06-28 12:00:00+00
800,409,US-WEST-01,35,1,20,2026-06-28 12:00:00+00
801,410,US-EAST-01,127,5,50,2026-06-28 12:00:00+00
802,410,US-WEST-01,1118,29,50,2026-06-28 12:00:00+00
803,411,US-EAST-01,659,97,10,2026-06-28 12:00:00+00
804,411,US-WEST-01,815,43,20,2026-06-28 12:00:00+00
805,412,US-EAST-01,1039,95,10,2026-06-28 12:00:00+00
806,412,US-WEST-01,1079,111,50,2026-06-28 12:00:00+00
807,413,US-EAST-01,434,21,50,2026-06-28 12:00:00+00
808,413,US-WEST-01,1143,139,50,2026-06-28 12:00:00+00
809,414,US-EAST-01,596,36,20,2026-06-28 12:00:00+00
810,414,US-WEST-01,300,13,50,2026-06-28 12:00:00+00
811,415,US-EAST-01,100,5,20,2026-06-28 12:00:00+00
812,415,US-WEST-01,526,33,10,2026-06-28 12:00:00+00
813,416,US-EAST-01,1053,105,10,2026-06-28 12:00:00+00
814,416,US-WEST-01,1174,125,10,2026-06-28 12:00:00+00
815,417,US-EAST-01,631,74,20,2026-06-28 12:00:00+00
816,417,US-WEST-01,805,78,50,2026-06-28 12:00:00+00
817,418,US-WEST-01,9,0,20,2026-06-28 12:00:00+00
818,420,US-EAST-01,182,25,50,2026-06-28 12:00:00+00
819,420,US-WEST-01,943,137,20,2026-06-28 12:00:00+00
820,421,US-EAST-01,778,22,20,2026-06-28 12:00:00+00
821,421,US-WEST-01,797,62,50,2026-06-28 12:00:00+00
822,422,US-EAST-01,853,66,20,2026-06-28 12:00:00+00
823,422,US-WEST-01,86,7,20,2026-06-28 12:00:00+00
824,423,US-EAST-01,819,44,50,2026-06-28 12:00:00+00
825,423,US-WEST-01,792,37,20,2026-06-28 12:00:00+00
826,424,US-EAST-01,691,56,10,2026-06-28 12:00:00+00
827,424,US-WEST-01,98,9,10,2026-06-28 12:00:00+00
828,425,US-EAST-01,798,119,50,2026-06-28 12:00:00+00
829,425,US-WEST-01,686,94,50,2026-06-28 12:00:00+00
830,426,US-EAST-01,905,128,50,2026-06-28 12:00:00+00
831,426,US-WEST-01,614,56,10,2026-06-28 12:00:00+00
832,427,US-EAST-01,88,1,50,2026-06-28 12:00:00+00
833,427,US-WEST-01,775,47,10,2026-06-28 12:00:00+00
834,428,US-EAST-01,496,49,50,2026-06-28 12:00:00+00
835,428,US-WEST-01,760,110,10,2026-06-28 12:00:00+00
836,429,US-EAST-01,904,36,50,2026-06-28 12:00:00+00
837,429,US-WEST-01,672,19,50,2026-06-28 12:00:00+00
838,430,US-EAST-01,199,18,10,2026-06-28 12:00:00+00
839,430,US-WEST-01,996,128,50,2026-06-28 12:00:00+00
840,431,US-EAST-01,95,9,20,2026-06-28 12:00:00+00
841,431,US-WEST-01,819,95,50,2026-06-28 12:00:00+00
842,432,US-EAST-01,722,9,50,2026-06-28 12:00:00+00
843,432,US-WEST-01,187,4,20,2026-06-28 12:00:00+00
844,433,US-EAST-01,296,23,10,2026-06-28 12:00:00+00
845,433,US-WEST-01,21,2,20,2026-06-28 12:00:00+00
846,434,US-EAST-01,804,99,50,2026-06-28 12:00:00+00
847,434,US-WEST-01,135,7,20,2026-06-28 12:00:00+00
848,435,US-EAST-01,205,27,50,2026-06-28 12:00:00+00
849,435,US-WEST-01,816,72,10,2026-06-28 12:00:00+00
850,436,US-EAST-01,652,14,20,2026-06-28 12:00:00+00
851,436,US-WEST-01,1180,41,20,2026-06-28 12:00:00+00
852,437,US-EAST-01,836,18,20,2026-06-28 12:00:00+00
853,437,US-WEST-01,821,40,20,2026-06-28 12:00:00+00
854,438,US-EAST-01,502,55,50,2026-06-28 12:00:00+00
855,438,US-WEST-01,732,20,20,2026-06-28 12:00:00+00
856,439,US-EAST-01,89,4,20,2026-06-28 12:00:00+00
857,439,US-WEST-01,568,59,10,2026-06-28 12:00:00+00
858,440,US-EAST-01,2,0,50,2026-06-28 12:00:00+00
859,441,US-EAST-01,350,15,50,2026-06-28 12:00:00+00
860,441,US-WEST-01,979,135,20,2026-06-28 12:00:00+00
861,442,US-EAST-01,380,24,20,2026-06-28 12:00:00+00
862,442,US-WEST-01,345,14,20,2026-06-28 12:00:00+00
863,443,US-EAST-01,689,33,20,2026-06-28 12:00:00+00
864,443,US-WEST-01,143,20,10,2026-06-28 12:00:00+00
865,444,US-EAST-01,157,3,20,2026-06-28 12:00:00+00
866,444,US-WEST-01,1156,42,50,2026-06-28 12:00:00+00
867,445,US-EAST-01,984,69,50,2026-06-28 12:00:00+00
868,445,US-WEST-01,266,37,20,2026-06-28 12:00:00+00
869,446,US-EAST-01,438,32,50,2026-06-28 12:00:00+00
870,446,US-WEST-01,798,82,20,2026-06-28 12:00:00+00
871,447,US-EAST-01,409,25,50,2026-06-28 12:00:00+00
872,447,US-WEST-01,88,5,20,2026-06-28 12:00:00+00
873,448,US-EAST-01,1165,49,50,2026-06-28 12:00:00+00
874,448,US-WEST-01,169,12,10,2026-06-28 12:00:00+00
875,449,US-EAST-01,699,96,20,2026-06-28 12:00:00+00
876,449,US-WEST-01,90,7,50,2026-06-28 12:00:00+00
877,450,US-EAST-01,837,47,20,2026-06-28 12:00:00+00
878,450,US-WEST-01,777,92,20,2026-06-28 12:00:00+00
879,451,US-EAST-01,797,40,20,2026-06-28 12:00:00+00
880,451,US-WEST-01,967,37,10,2026-06-28 12:00:00+00
881,452,US-EAST-01,492,40,20,2026-06-28 12:00:00+00
882,452,US-WEST-01,329,36,10,2026-06-28 12:00:00+00
883,453,US-EAST-01,774,67,50,2026-06-28 12:00:00+00
884,453,US-WEST-01,663,20,50,2026-06-28 12:00:00+00
885,454,US-EAST-01,256,20,20,2026-06-28 12:00:00+00
886,454,US-WEST-01,505,53,20,2026-06-28 12:00:00+00
887,455,US-EAST-01,719,94,10,2026-06-28 12:00:00+00
888,455,US-WEST-01,1186,28,10,2026-06-28 12:00:00+00
889,456,US-EAST-01,471,17,50,2026-06-28 12:00:00+00
890,456,US-WEST-01,607,79,50,2026-06-28 12:00:00+00
891,457,US-EAST-01,369,11,20,2026-06-28 12:00:00+00
892,457,US-WEST-01,1108,51,10,2026-06-28 12:00:00+00
893,458,US-EAST-01,233,30,20,2026-06-28 12:00:00+00
894,458,US-WEST-01,878,11,10,2026-06-28 12:00:00+00
895,459,US-EAST-01,111,14,20,2026-06-28 12:00:00+00
896,459,US-WEST-01,373,51,10,2026-06-28 12:00:00+00
897,460,US-EAST-01,155,19,50,2026-06-28 12:00:00+00
898,460,US-WEST-01,813,97,50,2026-06-28 12:00:00+00
899,461,US-EAST-01,994,31,10,2026-06-28 12:00:00+00
900,461,US-WEST-01,1007,68,50,2026-06-28 12:00:00+00
901,462,US-EAST-01,682,24,50,2026-06-28 12:00:00+00
902,462,US-WEST-01,104,8,10,2026-06-28 12:00:00+00
903,463,US-EAST-01,577,57,50,2026-06-28 12:00:00+00
904,463,US-WEST-01,1105,78,10,2026-06-28 12:00:00+00
905,464,US-EAST-01,825,30,20,2026-06-28 12:00:00+00
906,464,US-WEST-01,1192,60,20,2026-06-28 12:00:00+00
907,465,US-EAST-01,1006,67,50,2026-06-28 12:00:00+00
908,465,US-WEST-01,1176,117,10,2026-06-28 12:00:00+00
909,466,US-EAST-01,266,17,20,2026-06-28 12:00:00+00
910,466,US-WEST-01,962,83,20,2026-06-28 12:00:00+00
911,467,US-EAST-01,779,25,50,2026-06-28 12:00:00+00
912,467,US-WEST-01,613,29,10,2026-06-28 12:00:00+00
913,468,US-EAST-01,1026,90,20,2026-06-28 12:00:00+00
914,468,US-WEST-01,401,53,50,2026-06-28 12:00:00+00
915,469,US-EAST-01,1082,123,50,2026-06-28 12:00:00+00
916,469,US-WEST-01,1094,136,20,2026-06-28 12:00:00+00
917,470,US-EAST-01,264,9,20,2026-06-28 12:00:00+00
918,470,US-WEST-01,809,95,50,2026-06-28 12:00:00+00
919,471,US-EAST-01,948,128,20,2026-06-28 12:00:00+00
920,471,US-WEST-01,897,88,20,2026-06-28 12:00:00+00
921,472,US-EAST-01,321,25,50,2026-06-28 12:00:00+00
922,472,US-WEST-01,1098,129,50,2026-06-28 12:00:00+00
923,473,US-EAST-01,586,81,10,2026-06-28 12:00:00+00
924,473,US-WEST-01,601,75,20,2026-06-28 12:00:00+00
925,474,US-EAST-01,1019,14,50,2026-06-28 12:00:00+00
926,474,US-WEST-01,766,49,10,2026-06-28 12:00:00+00
927,475,US-EAST-01,990,88,10,2026-06-28 12:00:00+00
928,475,US-WEST-01,787,51,50,2026-06-28 12:00:00+00
929,476,US-EAST-01,73,1,10,2026-06-28 12:00:00+00
930,476,US-WEST-01,349,29,50,2026-06-28 12:00:00+00
931,477,US-EAST-01,272,4,10,2026-06-28 12:00:00+00
932,477,US-WEST-01,1101,11,50,2026-06-28 12:00:00+00
933,478,US-EAST-01,1070,53,50,2026-06-28 12:00:00+00
934,478,US-WEST-01,378,49,10,2026-06-28 12:00:00+00
935,479,US-EAST-01,326,26,20,2026-06-28 12:00:00+00
936,479,US-WEST-01,518,24,10,2026-06-28 12:00:00+00
937,480,US-EAST-01,1086,157,20,2026-06-28 12:00:00+00
938,480,US-WEST-01,100,4,20,2026-06-28 12:00:00+00
939,481,US-EAST-01,994,53,50,2026-06-28 12:00:00+00
940,481,US-WEST-01,970,87,10,2026-06-28 12:00:00+00
941,482,US-EAST-01,321,23,20,2026-06-28 12:00:00+00
942,482,US-WEST-01,734,66,50,2026-06-28 12:00:00+00
943,483,US-EAST-01,503,12,20,2026-06-28 12:00:00+00
944,483,US-WEST-01,152,13,10,2026-06-28 12:00:00+00
945,484,US-EAST-01,845,17,50,2026-06-28 12:00:00+00
946,484,US-WEST-01,727,72,10,2026-06-28 12:00:00+00
947,485,US-EAST-01,696,61,50,2026-06-28 12:00:00+00
948,485,US-WEST-01,1073,84,50,2026-06-28 12:00:00+00
949,486,US-EAST-01,1145,100,20,2026-06-28 12:00:00+00
950,486,US-WEST-01,715,21,50,2026-06-28 12:00:00+00
951,487,US-EAST-01,770,43,20,2026-06-28 12:00:00+00
952,487,US-WEST-01,696,22,50,2026-06-28 12:00:00+00
953,488,US-EAST-01,1148,69,10,2026-06-28 12:00:00+00
954,488,US-WEST-01,1070,51,20,2026-06-28 12:00:00+00
955,490,US-EAST-01,944,75,50,2026-06-28 12:00:00+00
956,490,US-WEST-01,1096,63,50,2026-06-28 12:00:00+00
957,491,US-EAST-01,80,1,50,2026-06-28 12:00:00+00
958,491,US-WEST-01,1064,121,50,2026-06-28 12:00:00+00
959,492,US-EAST-01,1126,73,20,2026-06-28 12:00:00+00
960,492,US-WEST-01,859,44,50,2026-06-28 12:00:00+00
961,493,US-EAST-01,1101,26,50,2026-06-28 12:00:00+00
962,493,US-WEST-01,893,68,10,2026-06-28 12:00:00+00
963,494,US-EAST-01,376,32,10,2026-06-28 12:00:00+00
964,494,US-WEST-01,59,3,50,2026-06-28 12:00:00+00
965,495,US-EAST-01,912,18,20,2026-06-28 12:00:00+00
966,495,US-WEST-01,121,10,50,2026-06-28 12:00:00+00
967,496,US-EAST-01,98,13,50,2026-06-28 12:00:00+00
968,496,US-WEST-01,115,16,10,2026-06-28 12:00:00+00
969,497,US-EAST-01,1014,15,10,2026-06-28 12:00:00+00
970,497,US-WEST-01,220,25,20,2026-06-28 12:00:00+00
971,498,US-EAST-01,60,3,10,2026-06-28 12:00:00+00
972,498,US-WEST-01,286,16,10,2026-06-28 12:00:00+00
973,499,US-EAST-01,756,83,10,2026-06-28 12:00:00+00
974,499,US-WEST-01,378,6,20,2026-06-28 12:00:00+00
975,500,US-EAST-01,859,15,10,2026-06-28 12:00:00+00
976,500,US-WEST-01,944,102,50,2026-06-28 12:00:00+00
977,501,US-EAST-01,232,12,20,2026-06-28 12:00:00+00
978,501,US-WEST-01,239,25,20,2026-06-28 12:00:00+00
979,502,US-EAST-01,323,23,10,2026-06-28 12:00:00+00
980,502,US-WEST-01,962,94,20,2026-06-28 12:00:00+00
981,503,US-EAST-01,372,15,10,2026-06-28 12:00:00+00
982,503,US-WEST-01,415,35,20,2026-06-28 12:00:00+00
983,504,US-EAST-01,603,71,50,2026-06-28 12:00:00+00
984,504,US-WEST-01,557,32,10,2026-06-28 12:00:00+00
985,505,US-EAST-01,470,5,50,2026-06-28 12:00:00+00
986,505,US-WEST-01,548,51,20,2026-06-28 12:00:00+00
987,506,US-EAST-01,40,4,20,2026-06-28 12:00:00+00
988,506,US-WEST-01,808,108,10,2026-06-28 12:00:00+00
989,507,US-EAST-01,922,94,10,2026-06-28 12:00:00+00
990,507,US-WEST-01,175,20,50,2026-06-28 12:00:00+00
991,508,US-EAST-01,836,79,10,2026-06-28 12:00:00+00
992,508,US-WEST-01,964,142,10,2026-06-28 12:00:00+00
993,509,US-EAST-01,769,79,20,2026-06-28 12:00:00+00
994,509,US-WEST-01,127,10,20,2026-06-28 12:00:00+00
995,510,US-EAST-01,128,9,20,2026-06-28 12:00:00+00
996,510,US-WEST-01,1015,86,20,2026-06-28 12:00:00+00
997,511,US-EAST-01,468,16,10,2026-06-28 12:00:00+00
998,511,US-WEST-01,496,6,20,2026-06-28 12:00:00+00
999,512,US-EAST-01,219,11,20,2026-06-28 12:00:00+00
1000,512,US-WEST-01,1090,35,50,2026-06-28 12:00:00+00
1001,513,US-EAST-01,294,27,50,2026-06-28 12:00:00+00
1002,513,US-WEST-01,284,22,50,2026-06-28 12:00:00+00
1003,514,US-EAST-01,286,9,20,2026-06-28 12:00:00+00
1004,514,US-WEST-01,937,140,50,2026-06-28 12:00:00+00
1005,515,US-EAST-01,1015,21,10,2026-06-28 12:00:00+00
1006,515,US-WEST-01,216,8,50,2026-06-28 12:00:00+00
1007,516,US-EAST-01,140,4,20,2026-06-28 12:00:00+00
1008,516,US-WEST-01,206,11,20,2026-06-28 12:00:00+00
1009,517,US-EAST-01,615,15,50,2026-06-28 12:00:00+00
1010,517,US-WEST-01,571,72,20,2026-06-28 12:00:00+00
1011,518,US-WEST-01,12,1,50,2026-06-28 12:00:00+00
1012,519,US-EAST-01,663,48,50,2026-06-28 12:00:00+00
1013,519,US-WEST-01,1072,14,20,2026-06-28 12:00:00+00
1014,520,US-EAST-01,118,10,20,2026-06-28 12:00:00+00
1015,520,US-WEST-01,235,27,50,2026-06-28 12:00:00+00
